title,description,source,publishedAt,url
"7 Years Later, Tommy Shelby's Best Peaky Blinders Line Reveals His Biggest Mistake","Tommy Shelby is one of the most memorable anti-heroes in the gangster genre, and his best Peaky Blinders line reveals his fatal flaw.",Screen Rant,2026-07-18T21:00:11Z,https://screenrant.com/peaky-blinders-best-tommy-shelby-line-mistake/
Hm,https://youtu.be/YKsJRgs6Q08,Pravda.sk,2026-07-18T20:56:15Z,https://martintoskusadalej.blog.pravda.sk/2026/07/18/hm/
"These Fire TV settings made my aging streaming stick feel brand new, no hardware upgrade needed","I'm not buying those new VegaOS sticks just yet, thank you",XDA Developers,2026-07-18T20:30:10Z,https://www.xda-developers.com/simple-settings-that-gave-my-fire-tv-stick-a-free-upgrade/
Коренной москвич помог африканцу найти дорогу к метро,"Такому сюжетному повороту удивился бы даже Netflix<!--Begin Video:https://api.yapfiles.ru/get_player/?v=hMDM3MjE2NzAtda48&auth_key=6d01f3a41d08df1585ec34dcfa5e93bf&uid=151247&o=v-->
<!--End Video-->",Yaplakal.com,2026-07-18T20:30:07Z,https://www.yaplakal.com/forum28/topic3101687.html
The Key Way Jennifer Lopez Is (Allegedly) Still Receiving Support From Ben Affleck Post-Divorce,These two are reportedly remaining linked in a key way.,CinemaBlend,2026-07-18T20:08:55Z,https://www.cinemablend.com/movies/how-jennifer-lopez-allegedly-still-receiving-support-ben-affleck-post-divorce
Fans debate if Tom Brady slapping Logan Paul was ‘staged’ to promote potential WWE fight,Paul complained Brady was setting a 'horrible example for kids' after the NFL legend slapped him in the face and called him a ‘dork’,The-independent.com,2026-07-18T20:02:21Z,https://www.the-independent.com/arts-entertainment/tv/news/tom-brady-logan-paul-slap-fanatics-fest-b3017491.html
"What To Watch This Week: 40+ Premieres, Finales, And More",TVLine offers a look at the week ahead: A handy roundup of new TV premieres and finales to help you plan your viewing for July 19-25.,TVLine,2026-07-18T20:00:00Z,https://www.tvline.com/2217085/what-to-watch-week-of-july-19-2026-tv-shows-movies/
"After 4 Years, One Piece Manga Is Finally Getting Its Next Big Release","Courtesy of Netflix

One Piece has become one of the biggest manga series of all time, largely due to the success it has achieved over more than 29 years of serialization, resulting in over a thousand chapters and more than 100 volumes. This has also led to a…",ComicBook.com,2026-07-18T20:00:00Z,http://comicbook.com/anime/news/after-4-years-one-piece-manga-is-finally-getting-its-next-big-release/
Netflix's New Fantasy Series Is Constantine Meets KPop Demon Hunters,"Netflix's new dark fantasy action drama is taking the world by storm, but it's reminiscent of past hits like KPop Demon Hunters and Constantine.",Screen Rant,2026-07-18T19:45:11Z,https://screenrant.com/the-east-palace-netflix-constantine-meets-kpop-demon-hunters/
